{"hospitalet": {"identifier": "L'Hospitalet", "title": "DadesObertes Hospitalet", "description": [" Et mostrem dades en temps real perqu\u00e8 coneguis qu\u00e8 passa ara mateix a la ciutat i qu\u00e8 fa l'Ajuntament per millorar el dia a dia de la gent que viu, treballa, estudia, gaudeix de L'Hospitalet o utilitza els seus serveis p\u00fablics.", "L\u2019Hospitalet \u00e9s una ciutat din\u00e0mica, activa i participativa. En aquest nou espai hi podr\u00e0s trobar totes les activitats que es fan a L\u2019Hospitalet, programar-te el cap de setmana o con\u00e8ixer quantes activitats per a infants es fan avui a la ciutat. Entra i descobreix la ciutat com mai no ho hauries imaginat."], "image": "", "imageText": "main image description", "linkText": "Continue reading\u2026"}, "barcelona": {"identifier": "Barcelona", "title": "OpenData Barcelona", "description": ["Open data o obertura d'informaci\u00f3 del sector p\u00fablic \u00e9s un moviment impulsat per les administracions p\u00fabliques amb el principal objectiu d'aprofitar al m\u00e0xim els recursos p\u00fablics disponibles, exposant la informaci\u00f3 generada o custodiada per organismes p\u00fablics, permetent el seu acc\u00e9s i reutilitzaci\u00f3 per al b\u00e9 com\u00fa i per al benefici de persones i entitats interessades. ", "Open Data BCN, projecte que va n\u00e9ixer a l'any 2010 implantant el portal a l'any 2011, ha anat evolucionant i s'emmarca ara dins de l'estrat\u00e8gia de Barcelona Ciutat Digital, fomentant una economia digital plural i desenvolupant un nou model d'innovaci\u00f3 urbana basat en la transformaci\u00f3 i la innovaci\u00f3 digital del sector p\u00fablic i la implicaci\u00f3 entre les empreses, les administracions, el m\u00f3n acad\u00e8mic, les organitzacions, les comunitats i les persones, amb un clar lideratge p\u00fablic i ciutad\u00e0. El servei Open Data BCN, gestionat des del Departament d'Estad\u00edstica i Difusi\u00f3 de Dades de l'Oficina Municipal de Dades, \u00e9s transversal a diversos dels pilars de l'estrat\u00e8gia de la ciutat, es basa en els principals est\u00e0ndards i recomanacions internacionals, adoptant certes caracter\u00edstiques que resumeixen els principis d'aquest moviment."], "image": "./assets/barcelona.jpg", "imageText": "main image description", "linkText": "Continue reading\u2026"}}