{"origin": [{"title": "OpenData Barcelona", "sourceId": "barcelona", "databaseName": "Barcelona", "amount": 525, "description": "Datasets de l'ajuntament de Barcelona", "image": "barcelona.jpg", "imageLabel": "Image Text"}, {"title": "Open Data L'Hospitalet", "sourceId": "hospitalet", "databaseName": "L'Hospitalet", "amount": 100, "description": "Datasets de l'ajuntament de L'Hospitalet", "image": "hosp.jpg", "imageLabel": "Image Text"}], "category": [{"name": "Poblaci\u00f3", "amount": 112}, {"name": "Salut", "amount": 4}, {"name": "Territori", "amount": 128}, {"name": "Treball", "amount": 3}, {"name": "Energia", "amount": 1}, {"name": "Ciutat i serveis", "amount": 169}, {"name": "-", "amount": 1}, {"name": "Economia i empresa", "amount": 20}, {"name": "Educaci\u00f3", "amount": 1}, {"name": "Sector P\u00fablic", "amount": 7}, {"name": "Cultura i oci", "amount": 3}, {"name": "Sector p\u00fablic", "amount": 45}, {"name": "Societat i benestar", "amount": 1}, {"name": "Hisenda", "amount": 2}, {"name": "Transport", "amount": 4}, {"name": "Economia", "amount": 1}, {"name": "salut", "amount": 26}, {"name": "Demografia", "amount": 6}, {"name": "Administraci\u00f3", "amount": 96}, {"name": "Medi ambient", "amount": 2}, {"name": "Urbanisme i infraestructures", "amount": 19}]}